{
    "value0": {
        "T_imu_cam": [
            {
                "px": 0.003331516815016877,
                "py": -0.0018982868666406992,
                "pz": 0.009393413499013166,
                "qx": -0.5059329878598732,
                "qy": 0.49496492158032585,
                "qz": -0.48582593560702336,
                "qw": 0.5128495866155336
            },
            {
                "px": 0.009996106053812043,
                "py": -0.20032906779902956,
                "pz": 0.0071089453108831024,
                "qx": -0.5052105593885444,
                "qy": 0.4924428800895884,
                "qz": -0.48611763887632853,
                "qw": 0.5157052857055946
            }
        ],
        "intrinsics": [
            {
                "camera_type": "ds",
                "intrinsics": {
                    "fx": 317.8934243211125,
                    "fy": 316.74040434458345,
                    "cx": 711.4512180423142,
                    "cy": 532.1002815372327,
                    "xi": -0.20105485544809545,
                    "alpha": 0.5926047883814267
                }
            },
            {
                "camera_type": "ds",
                "intrinsics": {
                    "fx": 317.3426194634644,
                    "fy": 316.19320923591545,
                    "cx": 697.1121214328483,
                    "cy": 567.6903247112139,
                    "xi": -0.20426587335180582,
                    "alpha": 0.5924144898990615
                }
            }
        ],
        "resolution": [
            [
                1440,
                1080
            ],
            [
                1440,
                1080
            ]
        ],
        "vignette": [],
        "calib_accel_bias": [
            0.0,
            0.0,
            0.0,
            0.0,
            0.0,
            0.0,
            0.0,
            0.0,
            0.0
        ],
        "calib_gyro_bias": [
            0.0,
            0.0,
            0.0,
            0.0,
            0.0,
            0.0,
            0.0,
            0.0,
            0.0,
            0.0,
            0.0,
            0.0
        ],
        "imu_update_rate": 180.0,
        "accel_noise_std": [0.016, 0.016, 0.016],
        "gyro_noise_std": [0.000282, 0.000282, 0.000282],
        "accel_bias_std": [0.001, 0.001, 0.001],
        "gyro_bias_std": [0.0001, 0.0001, 0.0001],
        "cam_time_offset_ns": -1897133
    }
}
